0,20126253457987;0,151169002599934;-0,106602732100222;-0,15761447357771;-0,23352807798029;-0,092069886367564;0,0151989625421201;-0,00756669782364547;-0,147011923554516;-0,146773531051552;-0,0631700120914941;-0,223066481538332;-0,22638778690812;-0,292644896622855;0,282354895306193;0,0594631879052322;-0,0514231160821074;0,212560217313502;0,234385205473782;-0,290444463473392;0,201523397884005;-0,2883765144568;-0,0772370734320564;0,00595759370316451;-0,00205993575433555;-0,228814486825397;-0,231625880943775;-0,0152797156001743;0,0921387723561858;0,263460200760385;0,100030889359966;-0,087979564271757;0,0155296437473573;-0,0952759422593761;0,152358731360834;-0,169882705264815;-0,180659700308517;-0,137356100627313;0,102874708520017;-0,0217507931972879;0,202485223973043;0,015515693626569;-0,0668584988372832;-0,0404425507604904;0,278302672579191;0,236295698632915;0,0841921280810712;0,0188018080953336;0,0349501134981413;-0,0568692847400407;0,0425241346878431;-0,30429943131427;-0,201679655779293;0,0833141083933223;-0,243924043668798;0,217086617458839;-0,0801792609219051;0,0883505109974803;0,162142246239768;-0,314674833216101;-0,151483020773459;-0,236843323384831;0,180805879748322;-0,128475267938387;0,0162642052785497;-0,266360355648625;0,032693017188219;0,159206854754871;-0,148166651988146;0,130783218976253;-0,0619266568868382;-0,00942587326413232
-0,173492704325466;-0,152433304673197;-0,180286804708625;-0,210042024421426;-0,0661227316464976;0,0789194797560815;0,168097818561245;0,0454288596766534;0,0772110070661833;0,120768076793424;0,0405353511761176;0,241798269027872;-0,114122992810177;-0,0162130167119636;0,102677144911181;-0,176417669662502;0,250720525137538;-0,210532204414106;0,254433338230969;0,131423726060309;-0,0524923135003102;0,105924923401135;0,138583058568624;-0,0316946403373388;0,189540164513548;0,154157296971437;-0,263460436387701;0,222944445741205;0,225831424550555;-0,0873674436392055;0,216467793396451;-0,107544992135104;0,19173270769884;-0,288782190130872;0,0554454063869723;0,195627655294736;0,122393270050343;0,0884020227948791;0,215957328263172;-0,226052076766068;-0,0536093068881076;-0,131924976580897;-0,153222870216411;-0,0434021676093364;0,11021630106314;-0,184885380510675;0,0228831770966007;0,269211461332864;0,262272998036751;0,231821730083032;0,109605846132511;0,131128424448202;-0,0647463651248509;0,290895687058238;-0,229122817799503;0,0478200628383625;0,0319498774943006;-0,299783677527284;-0,0414458041736983;-0,0202273019906503;0,0863373638701842;-0,250183053828601;-0,00400177074157708;-0,228438925766677;-0,00209189396017101;-0,104648270546842;-0,218200151688284;-0,107155106702554;0,317508373985953;0,226147728072963;0,0327096259811224;-0,0118868850935595
-0,0838396061332886;-0,0156269252745228;0,0762447555550762;-0,0512084191965689;-0,227843529957797;-0,132285351949696;-0,242542817340093;0,0458240492773003;0,0643674076188529;-0,187008578616901;-0,244562496432006;0,237744367408678;-0,24125793938048;0,116035643136772;-0,0914518875360235;0,24359311063818;0,20920725502806;-0,301793525362988;0,143366501497013;-0,136361270307594;0,10928014013511;-0,187069290069305;-0,202689844609929;0,0974843184969534;-0,0820503400046057;0,0972815239580074;0,274079150237665;0,278718232854174;-0,0799686707815931;-0,25565783997533;-0,136649443618467;-0,285893979761907;-0,210856157893689;-0,0430295194889129;-0,154499142179249;-0,258951651021541;0,124278901057676;0,000658760483304556;0,21667187685541;-0,0823807848876643;-0,0382958448930977;-0,0192634155367159;0,123576288338683;-0,0497446372278252;0,00425760773155317;-0,217926128495457;0,00959902154113573;0,0171549326053231;-0,149010067896789;-0,0787257955375968;-0,141972846887265;-0,152029254629613;-0,169163860299039;0,0180377234594341;0,134767504620528;-0,168517317049923;-0,125623257100996;0,197299397738605;-0,261012193109694;-0,0874794306894332;-0,115119430832961;-0,227973461909351;-0,161444212683653;0,0182969016515614;0,205139625106208;-0,248318435768408;0,164712830339929;0,0933445222997474;-0,017288186366655;-0,135916804564996;-0,186715060593661;-0,00884194796268046
-0,132565172905843;-0,201088973891649;0,094563878746009;0,179939516876794;-0,0231722730524421;-0,0166471693190961;0,00429148892044273;-0,216968056326657;-0,186164414595693;-0,267992570674303;-0,0399460891547515;0,0895571527749523;-0,31840905020064;0,0896275602731686;0,212062231138695;0,17281828629402;0,101955135220657;0,177692785688703;-0,527497010479355;-0,350087167575549;0,17035425223536;-0,0842505284619112;0,22120990901467;-0,360379524864717;-0,154900534335795;-0,139076416345189;-0,200415848587565;0,00260180558610438;-0,10139109814719;-0,0929859674103415;0,205705550787642;-0,234711139970128;0,336299910134732;-0,169900752723454;0,124916464131385;-0,226767929656686;0,186444885070874;-0,0478017246919769;0,0683171248267891;0,279652966992493;0,268059567572409;0,14771156465818;0,0769639853845921;-0,0326462454025435;0,210103654756607;-0,0688624295392856;-0,167843810182397;0,147686135440646;0,26058041019884;-0,0861962906099942;-0,173013375141708;0,163550475232905;-0,0872623042986709;0,0621929622965803;-0,125801951329799;0,487602629857729;0,0515861965887445;0,339899213786089;0,0062595528415319;0,500198877295374;-0,116366700360276;-0,0963955194258787;0,133957748225522;0,642924242834518;0,174408142636246;-0,266501489108111;0,190513141968742;0,174507039995919;0,34544819348084;0,0312933006308504;-0,0465115114220097;0,0727090540820832
0,173593885803722;-0,186265202635545;-0,147668661360428;-0,171497656712419;0,254097022589681;0,0602433718526526;-0,265029860513928;-0,165900584438003;0,238253792098098;-0,286261556480185;-0,0582055359062078;0,0354115821016716;-0,198197909593501;-0,207489308697006;0,22546979740366;0,0628636092340725;-0,0477521568038406;0,125569298961047;0,242977059448956;-0,083843389524581;0,0663776578420663;-0,146087028562911;-0,0114399890537737;-0,0486611505569787;-0,166888663735265;-0,241017585151539;0,254406084669994;-0,289708314889042;-0,045444304676446;0,0586265709058088;-0,0711202245367802;0,192792520012127;-0,276418647170964;-0,0924712426963006;-0,122846769748541;0,165636705662649;-0,204320754021656;-0,144020331114403;-0,0468807138513832;-0,141875425548848;0,0120480896530682;-0,300596933168935;-0,0180966071643528;0,256592838806031;0,239100716482315;0,1213991346169;0,0360861434394499;0,140893160970293;-0,0621073644049363;0,158976452135875;-0,0956770600818548;-0,29656322195995;0,276475283129854;-0,0437556285435003;-0,110028432719717;0,0484815078931876;0,0904509228836504;0,0736790607175569;-0,279979044154627;0,170048012966047;0,097161401921723;-0,238058918177044;0,14993147043928;-0,120243381882086;0,043784972296457;0,0385668056067292;0,00140017690577698;0,186070542658901;0,202598116174819;-0,267277962380542;-0,0487629440895685;-0,00835906035401575
-0,0892190372954425;-0,147970022017883;-0,259753451107841;0,577881741719302;-0,204977327355564;0,17580903765472;0,227052611578106;-0,0516177811694938;0,154093671746098;0,0875927363403595;-0,167679148241324;-0,106480922786277;0,166922514791885;-0,0966833077918158;-0,0774322803524447;0,205714278349746;0,0596671792380045;-0,689416641001509;0,0791399005063383;0,328759570039248;-0,109385807786313;-0,195470236718548;0,300496057304575;0,200652954415245;0,106997497389085;-0,159349593174159;-0,243668207657943;-0,113002257633439;-0,421995192577301;-0,171581488917677;0,13339497601042;0,206508700128635;-0,0509386018713088;-0,112632435172514;-0,108335375705841;0,0559439121395029;-0,282998813087474;0,141457711530815;0,0999523356213812;0,236812847976454;-0,576132824419667;-0,295018274876947;0,127414211304999;-0,151413359404344;-0,0614774404855801;-0,0236808077985213;-0,252109658772102;-0,226559731252268;-0,117819886826061;0,0725991877198802;0,184223449591064;0,89240250004208;-0,148182858009074;0,209210106700454;-0,164558670234598;0,194494558539979;0,243466073770325;0,676087311827288;0,0518128583161263;0,355658722518172;0,123558650416875;-0,176987411102739;-0,357340291128598;-0,41479103241681;-0,179043210758968;0,378291392178782;-0,135703970372365;-0,0977786869548881;-0,0990507004539422;0,352446170605134;0,197350466635883;-0,0758352712021665
-0,281740674053729;-0,0996815289961378;0,224023563557516;-0,27733374282291;-0,264287255101062;0,104330026250492;-0,194985015323885;-0,171202472817714;-0,299235307808871;-0,190321515388017;0,272449202346553;-0,291937767893118;0,0749171879206635;-0,101424795786623;0,260894270205378;0,150565724117148;-0,0993613923337379;-0,133872992110186;-0,179755686764113;0,222507376031938;-0,049251719936847;-0,145181487925154;-0,121342035004101;-0,24562759904022;0,201405421172358;-0,22190421190637;-0,158064786588832;0,0421037015994006;-0,208694816742165;-0,187068396377111;0,125690679036468;-0,286106119970196;0,121291447334152;-0,164424434297254;0,19685187188997;-0,0223908855508282;-0,1714820475711;0,253182353827986;-0,284243919407744;-0,130804669399792;0,0517944179554136;0,14259893138798;-0,0972141703497742;-0,179596697631132;0,143439816358398;-0,153204732685166;0,0319011906131911;0,277879894884527;0,195910697078231;0,0214424519118345;0,27903248425391;-0,261899389740381;0,257629679474801;0,133173033630493;-0,246412322683505;0,154025066713712;-0,280247200621;0,151387052756743;-0,193700312179967;0,228994944896128;-0,0285902235851347;0,0680929198350609;-0,280238310532235;0,167071736617095;-0,0424765377400446;0,27102693410373;-0,110631188758869;-0,0507873992835038;-0,0071940992231844;-0,00939460821897831;0,0264729730076299;-0,00941102247799315
-0,114542299289876;-0,133971321488082;0,210387164648822;-0,132570510330957;0,0739005681113738;0,256990468495648;-0,254514488722047;-0,154125394390642;0,0535269492527751;0,0308609444825594;-0,144716088163403;0,120864147134542;0,0795333276947001;-0,188435509383203;0,0951057236154963;-0,245855677420636;0,263723059677918;-0,22265798183223;-0,279734678099174;-0,0931151155889494;-0,0551470554930164;0,127527870863093;-0,24784389631139;0,156558767515955;0,274655288621616;0,120282219093771;-0,00308029645453188;0,144005045636708;0,0981555089727097;0,248290254432417;-0,209413631741879;-0,00933736441887684;-0,105759714555112;-0,283258151853832;0,0485674326951448;0,142287730274354;-0,29783034002092;-0,0402376579688354;-0,0662359407098486;0,163844339447693;0,159231969061393;-0,0326737967682521;0,0317957632575198;-0,116629539943009;-0,174407452707313;0,224142309893494;-0,0647837906112603;0,0785761823240703;0,173720970193251;0,220720890290549;-0,0856158121574507;-0,184779817776043;-0,0506008130653636;-0,277477021899876;-0,219653686145056;0,0762989795824419;-0,165644927848071;-0,305388513592979;-0,130479201709667;0,203117281212477;-0,0296954149060628;-0,0845902363140169;0,0265823771201793;0,0419419466335549;-0,0485037813989695;0,131271321200008;-0,0672075417725953;0,0623998568109689;0,0609633430346435;0,15965404794633;-0,281455046540624;-0,0275402669762576
-0,059569849528228;0,0618571989741272;-0,463251731086023;0,280760352799295;0,501304262668033;-0,172924112762789;-0,000670282734534681;-0,0633268233059386;-0,286401833233821;-0,238734756307052;0,213926335097627;0,417747970948721;0,243163702779393;0,0318267291495588;0,207128941990217;-0,247344680341872;-0,132319182456847;0,269162645711605;-0,0849849262004073;0,133945923445637;-0,319349461340875;-0,165755227860933;-0,443398432202798;-0,267786850817753;-0,266520398179335;0,213656084405598;0,207684219413688;0,263395881270425;0,113904649222697;-0,000743387891939564;0,149813986248835;-0,32918450714492;-0,0817745372578745;0,237830608447769;0,190989867861093;0,0675227041158446;-0,270079953579927;-0,163966093452869;-0,216628977256044;0,405590023262219;0,0660254661928634;-0,369054658429867;-0,145539585328084;0,0390773071687003;0,101614600781766;-0,0367960276685079;0,081848669842725;-0,214401669539965;0,0249765279023783;0,0682542706514591;-0,322310022745142;-0,488174983173239;0,104264185486446;-0,222044859740164;-0,187568278160023;-0,511524078121808;-0,112953532592211;0,376410174255562;0,539664783529526;0,762983650469937;-0,079615993371237;0,154957873962755;-0,400770433638663;-0,113093084277194;0,544279608851914;0,36194284562428;-0,222525282848752;-0,311837609327824;-0,0680650907641321;0,0258814729239333;0,157036651295754;-0,150775380325052
0,177683394170316;0,103675227807377;0,00321300144099204;-0,291259389518912;0,0583061152374826;0,246326399577585;0,166468862918887;0,1736577098865;-0,233345742932603;-0,109810983698343;0,133469188059796;-0,0550373465301251;0,157098752371864;-0,0346127048830081;-0,273339076767491;-0,0819515005373451;0,0401605955450655;0,168464303584686;-0,0455979379980254;-0,186816270216594;-0,120605833828124;-0,0106669512002603;-0,13791073069918;-0,264536749514557;0,151812866155207;-0,172474981782813;0,0630141865075671;-0,270117772850496;0,123261453132589;-0,0744744908713821;0,0509486257197569;-0,0676398647536656;-0,175774684270086;0,14958182156583;-0,154580924634506;-0,256854575757674;-0,217166535480212;-0,125799239557611;-0,0465074915799999;-0,0394411355323977;-0,0503553040596481;-0,247532513056244;0,209468654922205;0,071034242313852;0,0738214578519611;-0,0889085790853483;-0,0426519499817365;-0,195783112129185;0,0211552690017683;-0,0103009995296182;-0,0227265023045579;-0,167872150727929;-0,117540344138135;-0,23673068729866;0,0721580214574455;-0,0995712008869465;-0,0428314594917136;-0,0548699328322043;-0,127852588267222;-0,0628102461628235;-0,106929188600308;0,173176005503829;-0,267701985267553;0,124105151616997;0,127034941197577;-0,0956735557761792;-0,179250320817755;-0,282866652008541;-0,173416761770882;0,245779289110569;-0,16451004298024;0,00285055351027086
-0,107152573491393;-0,0445154425020646;0,617080241372279;0,242898949267816;0,043414917808766;0,0787794051001271;0,138316057840945;0,00515280339061179;-0,0215913247225702;-0,00803441096915348;-0,0384352619896597;0,107708333517634;-0,145828299673088;0,149785057825182;-0,103252980948784;-0,239465193436618;-0,210537774290707;0,0563760312623417;0,345130968348836;0,0816567568918473;0,131977101073807;-0,316938280899889;-0,338267376692749;-0,219905246239413;0,00422596702348185;-0,261922790061902;-0,234949690194789;0,259105612958303;0,0963444072706922;-0,201776452033991;-0,0522055148972424;0,286685581011536;0,216359185864028;-0,138699622806161;-0,358644817934495;0,229193961082992;-0,148684730861087;-0,166865109339476;-0,0336855271587848;0,0921125982831029;0,304870989136967;0,364098056193065;0,171414231753686;0,409240792275327;0,191828263678734;-0,114520685304;0,153905144638062;0,208387267805896;-0,0551998116608734;-0,0988081747546736;-0,24723007564774;-0,0165847702854567;-0,138032332911696;-0,153484420151208;-0,0554906937470619;0,01140223211416;-0,0976145801348204;0,268316576358112;-0,433115699362421;-0,353171385616165;0,000703825493683;0,143317995920612;-0,0925443807843792;0,216284927545002;0,147639133073924;-0,235923586185918;0,23649621957696;-0,296929801631787;0,0805951657370652;-0,126079889406654;0,0431292033549684;-0,00936364512172774
0,382873123286874;0,145062161975868;0,0875813556479212;0,735168242069788;0,585519333371281;-0,206838214986584;-0,129324798045588;-0,104948318567548;-0,0919782680150889;-0,201212656723934;-0,139009352607948;0,0917115800891212;-0,191848319333011;-0,406373167509448;0,104707230090035;0,0924862822398938;-0,139495899395121;0,158139526684826;0,120126893257147;0,230544686472399;0,00372388280315691;-0,114972179252765;-0,43085834269798;-0,383762629291333;-0,541593124019909;0,243113671705978;0,0568654843768761;-0,145408167804322;0,218029159576971;-0,0693454648287941;0,145763412663026;-0,198403224776339;0,863921314119766;-0,00930821149346917;-0,244876288968819;-0,147703635833544;-0,569633537491696;-0,237787722182367;0,441461268833168;0,0838908902583375;0,397265039473335;0,156020466855266;0,370977363001689;0,488116443372364;-0,129538222613392;-0,247596780941873;-0,213440644002401;-0,191002823577247;0,225106165011487;0,199936281026051;0,0690359469818823;0,142732486117172;0,30336657891206;-0,23702651503971;-0,213785072086373;0,0229830670664333;0,126587530767403;0,132155867183813;-0,127535029748668;0,10614625798754;-0,0577399035439261;-0,134019913473774;0,0567186934101204;0,341659827872456;0,313646832187655;0,0509643899837955;0,135813589827109;0,01572476013461;0,271924532464338;0,264053484815726;0,396581378824365;0,01370536567357
0,10160018914063;0,239833573552703;0,148284304995525;-0,00569217971297977;0,233204271925903;-0,12200625868647;-0,150452274427118;0,205688227154852;-0,254173207913867;0,0791167834614276;-0,0493871756491388;-0,0549543288182716;0,0496867481229441;0,110548230641627;-0,00692945279246391;-0,130084858683006;0,133265451904929;-0,186906308653989;-0,00536020857810656;0,0342877877124804;-0,284555043788256;0,187563890903554;0,252485892753348;-0,00494826810601847;0,117456078999664;0,0922715603901019;0,211514286464122;-0,0653438076984264;-0,228134589838249;-0,0941494561569782;0,0607052946467815;-0,100285946995098;-0,0157913805918068;-0,163271050540458;0,246455384290364;-0,0790874749875045;-0,29182683597303;0,0444760968855202;-0,0938855269620469;-0,0500404666215635;-0,217856753424513;-0,159409760511966;0,0447983942135174;-0,214122363660956;-0,203643596018841;0,164121490388607;-0,108054544845691;-0,131553876773811;-0,269790289716264;0,200178429152228;-0,27559049010053;-0,114359024116552;-0,0901059497923559;0,134411317852674;0,0470755237490895;0,178405115679146;0,259289259412025;-0,247619012509631;0,0922306670336165;-0,149139335664428;-0,0432245555498665;0,252756542026246;0,0799739341039496;0,119836909557669;-0,235840737691596;-0,234494941637721;0,25707300947873;-0,0801106447431508;0,127686374996696;-0,221296167493073;-0,163245817457696;-0,0344782693373997
-0,207922674132974;0,216056189558683;-0,23325757488761;0,00113472292042011;0,168073135632885;-0,108352516458447;0,160838831849172;-0,0461340013762937;0,272717740031552;-0,097283264537416;0,0533290978723763;-0,0872345323408731;-0,0909749558989309;-0,111939988863756;-0,129332361134087;0,284736852850315;0,137268505771988;0,0762372844652043;-0,218351977912114;-0,049064071431462;0,224723793532608;0,179079052194883;-0,260464852327048;-0,295817198942913;-0,154152875826135;0,0342431977296136;0,19416381606332;-0,244171202300856;-0,26694015583256;0,197788288431308;0,264606707677742;0,0301085819584825;0,258506736062449;0,0868820954979814;0,216863643266289;-0,031636526478062;-0,163812396221818;-0,15614597770005;0,172061214876436;0,0141215883901492;-0,22079073564816;0,151908459035342;0,157195336167387;0,259857867594061;0,188933901801257;0,0475827440046524;-0,105531148741567;-0,0427381367967321;0,181065692690334;-0,233260892929123;-0,171011270692062;0,133467537621721;0,050420624940591;0,111197759135736;-0,114461345684095;-0,10274370933401;0,20003054536046;-0,223039298299689;-0,159172677941417;-0,153544121393238;-0,0155028942029025;0,127524528746065;-0,0790673803509579;-0,211090612699772;-0,0666520908129469;-0,259925078416199;-0,0358354625784864;0,102451793002194;-0,0379832709264061;0,190210806087827;0,138997229463617;-0,0089190892710129
-0,014324179332978;0,222733077008616;0,0261855454790916;-0,1638991699734;-0,172464270553866;-0,251925803909176;-0,280229365279774;-0,164432540425617;0,0496955423078223;-0,16903183027701;-0,0541767186263433;-0,0610849698100977;0,2726062699897;0,0888435312144894;-0,154754115441289;0,273259188458478;-0,169923734526228;-0,151767037310468;0,0134226421915515;-0,00942054570029449;-0,196934428411028;-0,284596653217539;-0,0219591033618335;-0,304372302506941;-0,0894920723511298;-0,046917616791717;0,0746821014237218;0,0306122429198932;0,162947181171396;-0,205513496338576;0,0845506178832796;0,31028180304463;0,253539264673388;-0,0860640990242653;0,114599797144177;0,288979762059336;0,242038770244488;-0,0281303615609804;-0,18702107309473;-0,205496344020741;0,120725159761093;0,307289725246655;0,0491141648899609;0,24246393671975;-0,253199550637338;-0,0308791722939196;-0,0573734173317236;0,00430074729528656;-0,206011246701365;-0,250211338853606;-0,156837443645134;-0,101138951541223;0,220727412438075;-0,168860892342449;0,0574351298122821;-0,0344966916523163;-0,120939978760093;-0,177097221429491;0,145634993596357;0,0484075289753779;-0,0388498479640327;0,0106712502836941;-0,0815239726924904;-0,0139977130056938;0,019194966177782;-0,076193753593324;-0,139987473119681;0,0781590775463409;0,240919796840887;-0,0945001899481059;-0,256317806633675;0,0219083565522996
0,0598728906871602;-0,238586362653339;0,0532764421875074;0,461421607655289;-0,225365663723751;-0,0341117203515219;0,197617817463447;0,0648167826496044;0,350372957121262;-0,324288782522762;-0,221006968517996;-0,214529543859252;0,139623018831398;-0,0297878500475221;-0,13891148870889;-0,218673979125698;0,154583453775972;0,215272234369928;-0,193043752581018;0,287095305254777;-0,0663351716506027;0,0477841132957268;0,146651855310295;0,151060009429517;-0,0882171318706948;0,034427106732172;-0,259728294977048;-0,0761411493204964;0,0510355136526303;-0,198467216307357;0,168123338341574;0,0515753526335969;0,298553825585418;-0,267572056469843;0,0224346176383205;-0,228066306296545;-0,0481735594113336;-0,376287253392027;-0,0610542181553269;-0,268272853881305;0,0529443523679133;-0,0301359225784051;0,219026970528573;0,288208551622882;-0,158524102052226;-0,219515046874373;0,0754417710949962;0,0587020000428003;-0,0930224695424113;-0,13837423952561;0,0152362545739388;0,108259420111975;0,104763468441426;0,062102256599375;-0,0564734208844935;-0,0118645097461478;0,0867346504823538;0,406718538068799;0,0207437113371392;-0,00618808972707855;-0,138033704484967;-0,179523408132052;-0,100476883005618;0,255205732098722;-0,193483944480337;-0,00544523069942158;0,0490574762053646;0,0371985598970226;0,0289669414701838;-0,264126000420719;-0,0935252864681578;-0,156552314824177
-0,0157569329170775;0,0170884179138796;-0,238783018795272;0,0219662297674805;-0,176577222216598;0,121295319830029;0,492239591249325;-0,0237576024545947;-0,365020451949358;0,211701579975787;-0,0330273139873042;-0,226455577045997;-0,0820227058089228;0,113256573129315;0,229985521021272;0,246296271671699;-0,296181583359804;-0,210732594326213;0,017490179037594;0,24453312055608;-0,268851099751526;0,0952872987378025;-0,0985608099647043;0,434050500853664;0,043945778520063;-0,103728208184312;-0,259015047265983;-0,0319482552007832;0,58418794071506;0,012243484745314;0,273460890189972;-0,161531981006784;-0,125234316330635;0,092636178669925;-0,338713140025528;-0,047972223528296;-0,0796325916642512;0,477335964718059;0,215729014936471;-0,363478148962796;0,106682336022478;-0,240701637832997;0,0589497961300502;0,657516305868341;0,231179480521588;-0,20697834205534;0,25340952031161;-0,187997397106938;-0,147793149250653;0,0988207892859974;0,0784502879224319;0,114458069633567;-0,168935947717231;0,00244531952815359;0,0169210409176246;0,0498983137936989;0,163518643424486;-0,435081207821026;-0,260731863422771;-0,161845256522392;0,0842271109058227;-0,089503773494299;0,122768802109639;0,109867078040055;-0,192204675318042;-0,0861005840550871;0,125536472943458;0,100936997593053;-0,018091368717932;0,303754373762505;-0,0485675134599692;0,0719878479293106
-0,239976145191065;-0,0113955982560929;-0,402271813164519;0,324338134181301;-0,376112375989932;-0,275680974396902;0,28559709878134;-0,0955735299946796;0,162316522432912;0,166204732897839;0,228727222168753;-0,22264147220587;-0,174534358552442;0,222457481007968;0,156446620881842;0,234088963068678;0,116855452233653;-0,213948764789273;-0,239161982164973;0,459091267190807;0,250240526013175;0,361145642210746;-0,163093525501425;0,388693010932645;0,0794415947436198;-0,0853055463315933;-0,233745103920587;0,170767468856616;0,31574327887447;-0,077382603397486;-0,131023644815207;0,0802028527916433;-0,277443924076111;-0,200411537352895;0,413777609205912;0,0808391470762165;0,0167826343727282;0,0181353165787523;0,0459406656651595;0,30052585441143;0,177985671662138;-0,150628196321906;0,304701237683216;-0,371694463552193;0,182595105035329;-0,227120708361522;0,011931306264905;0,0570122935860336;-0,169015752826978;-0,0841478699183161;-0,266994993014353;-0,269423086188049;-0,1614948578785;-0,378199090093371;0,0808851928246011;-0,388301991294942;-0,181987272446512;0,516624863866235;0,341542184467511;0,470201448694453;0,231125381281808;-0,266740988667023;-0,477546517785762;-0,650970244072604;-0,327714400358798;0,127810143103682;0,0889386274470549;-0,337528727384807;-0,170449078512044;0,209408314719215;-0,103753765578887;-0,219649286204347
0,149417009140752;0,032953036201445;-0,510689983086621;0,148357900325761;-0,29357820064507;0,0902963229511083;0,21633429047691;-0,47677013667348;0,175834521509476;0,403064542079042;0,00443058209565866;-0,0722084753509713;-0,227195730599059;-0,0246465875887658;0,124198006428637;-0,0336080936820052;0,0524400933509848;0,0409802664706302;0,0851138333161572;0,205367841571684;0,0488371088394127;0,39842037904901;0,291818301111847;0,340386873801819;0,45282717141928;0,098208222841568;0,245675159060081;0,275177374605825;-0,18448903810699;-0,00856979274454795;0,000670888233838714;-0,259031858351328;-0,834830582973265;0,235713733150615;0,147468164939318;0,119413617854643;0,199739579433219;0,0489583798506147;-0,244534241000491;0,320019155038492;0,0386303541513811;-0,190320067191558;0,0795867568626496;-0,0340258467380721;-0,0499056529606921;0,027683208591349;0,23831722568837;0,0976961334838383;-0,135434366770148;0,12968933987645;-0,270595575175924;-0,1944551208992;-0,0829915977831765;-0,0486034825237661;0,261560354967009;-0,206627808797405;0,17264171168313;0,43319818996456;0,701199711181161;0,212150546113756;0,155641266354891;-0,0888603384216771;-0,0186413579045585;-0,0650835353438892;-0,236493125391497;-0,107478046895162;-0,0767925812192551;-0,162268634063351;-0,225582633269485;-0,396076628320825;-0,042104788234187;-0,122909504466215
-0,208201337187922;-0,203388778271295;-0,283061902140247;0,0506617231192173;0,144891927166358;0,174690481570819;0,205591297604178;-0,0777691014314246;-0,260621426758329;0,192541174664316;-0,137192816540177;0,0839263468551224;0,12153303007694;-0,0179099323605183;-0,24209378722806;0,0940840470510264;0,0631370712805815;-0,296845188565058;0,0588520914485958;0,186906210682316;0,191312143025923;0,0124582634823429;-0,277446181596654;-0,211516359111438;-0,0801672779119363;-0,134991483772616;0,236675970785083;0,0456255138204394;-0,158411797492945;-0,185495466675914;0,102681754804193;-0,0560006087106925;-0,239067752145572;0,265605173338006;0,172649032536689;-0,14667926544194;-0,073959092658521;0,152037124501358;-0,245493543417827;0,000902696841076707;0,267900603219357;-0,116485330488274;0,0365426983882747;0,0616247450906497;-0,0303839075623962;0,144084243337166;0,181957117711505;-0,0498050679160558;-0,187878998659399;0,108684330761342;0,136764319228173;-0,342622854362589;-0,0357669506777463;-0,219802446168644;-0,301347010507881;0,0850561885019577;-0,288634593834915;0,177599121606288;-0,053959072352398;0,00522043560869941;0,217627474915307;-0,115912592476087;-0,0866320987525046;-0,321873873242991;-0,239846099913043;0,17568922322392;-0,0776309255081106;0,159529210755194;0,0695125266041693;0,171310832178135;-0,179164519845476;0,0376704721587951
0,251347862271566;0,232541462545951;-0,0969969444694723;0,461650887789021;-0,0755256116739386;0,228945702774243;0,585197304453541;0,0269464347430298;0,204602360299887;-0,0096142490950689;-0,00484830394226383;-0,126120324916381;-0,0564191168791804;-0,173659207684379;0,0477608356256236;0,265351717569561;-0,222789605606856;0,386367882493249;-0,0546585837741139;0,637809910820986;-0,034300175285664;0,227543766305096;-0,00502482615713364;0,195452418248454;0,288959749808898;-0,266818423844682;0,0184863127342397;-0,0967531760383944;0,287082762744228;-0,0766760044205759;-0,275217752776671;0,0826764898146768;-0,189839079814592;-0,081924143371364;0,422680604630066;-0,189453958067265;-0,00240934837160878;-0,206615354396085;-0,058019445276458;0,255197078089795;-0,183813406548945;-0,0876451221785692;0,137250610568059;0,424338496425485;-0,0878186838474823;0,224755727088883;0,263084491015299;0,0759409854036378;0,0558418668140951;0,151305563899115;-0,17579746080213;0,146338271731412;0,118259572597149;-0,00271940587093659;0,125092502157383;-0,156013768225296;-0,115711024500769;0,151993895672105;-0,214745319322769;-0,262494284132165;-0,129406472508607;-0,14872870290708;-0,173899328234284;-0,200623748413256;-0,199683393119171;0,189474330322462;-0,27029462308325;0,25800010946952;-0,0999890271448653;0,0660967757507386;0,243017757677138;-0,00326130804837056
0,275139195147104;-0,00525224603785704;0,057207175185108;-0,2235482104443;-0,142547748737185;0,215097045829213;-0,0736271703638514;0,14484691082623;-0,149138680443077;-0,456413112508325;0,230249115039236;0,348471778108462;0,0778275590776181;-0,0790287075080438;-0,26155287836876;-0,261171066350987;0,141579133812842;0,121172670212402;0,0795870129741943;-0,19211212040127;0,0293748321566125;0,025832097057471;-0,504536712962743;0,0870495739066302;-0,490192531022237;-0,153536002845119;-0,0715649568469005;0,0349980828739089;0,523607444404653;0,189180676964224;-0,28259376937784;-0,154278795825274;-0,0944818334612399;-0,202946054263618;-0,461509947158267;0,0513142412519254;-0,0863303858898407;0,264602528342718;0,114829509964932;-0,209190641297566;0,357949153951336;0,0373578405174275;-0,146811566774486;0,392748038761465;0,0226971927102527;0,0472948079638029;-0,0915890661475563;-0,227218469102308;-0,116090807203012;0,215213335185225;-0,0582828750162474;-0,249945755405588;0,13183894351026;-0,00284554922612762;-0,13973441344856;0,229366246043959;-0,201193531682719;-0,247453828908393;0,0157663511096585;0,434376706631689;0,00960465413073407;-0,134746766571309;0,0935108310920037;0,683359467940348;-0,212237906045243;-0,107516086195839;-0,00102324193520672;0,0801749410797083;0,12875326249252;0,0969524819513585;-0,133888725571097;0,156101903433738
0,376769024540467;0,264425122471307;-0,0575645912034602;-0,237047353013723;-0,444298114930005;0,00738083140358871;0,462604399484673;-0,279447402439369;-0,0191476663499809;0,0896403907390611;-0,135678882936598;-0,0424908492855622;0,192451110103896;0,121126610021238;0,0582065242352969;-0,111448838774885;0,187426860895908;0,245298468942881;0,045974380858761;-0,126748592206785;0,103240627930923;0,0822305321945037;0,147809986112628;0,414456281951675;0,0133048569580107;0,166994870794207;0,0100746218960125;-0,189591146048893;0,31071554559608;-0,231822875716088;0,137934295407688;-0,157675362767814;0,0142940549792595;-0,19173844965572;-0,203979879887811;0,0269610948464311;0,259325262069191;0,0547000076909263;-0,284812952516108;-0,261153143494356;-0,207622607414657;0,299215365315469;-0,140465320311972;-0,123260946638484;-0,142480730160814;0,19359515286518;0,149160435033442;-0,00595518894081867;-0,00703605687790583;-0,0194767233145313;0,0586230219021667;0,377616211308298;0,0340020279567595;0,07841450091138;0,361627248816348;-0,139200767723614;-0,225213142115586;-0,237745018482366;0,1143039517865;-0,0991709071838091;0,352529288003149;0,114007227588679;0,139369389829213;0,028991940621883;-0,375569529613868;-0,253778811135939;0,205276989918847;0,144588246371092;-0,312308860863616;-0,269402273787236;0,187980009003373;0,16928855440424
0,323733217648974;0,289289598107539;0,218923144927732;-0,168969229087921;0,215268533207646;0,0957354191933958;0,0199137998020754;0,31474336724894;-0,104514165009351;-0,265115387739601;-0,27357613154119;0,203225484263564;-0,191149625447568;0,232191936611445;-0,277914450270733;0,0749626616964522;0,197380943460138;-0,171914347022982;0,00568400791452426;-0,217318465027049;-0,178889322953013;-0,307863743516962;0,0526225681447838;0,0495053658611622;0,0601509002237864;-0,055638999852363;0,217599143629051;0,250128732499696;0,0122337821891165;0,267877841198029;-0,265229771002286;-0,00832900719130475;-0,131222652064416;0,138884805787598;0,0762820559312087;0,200922681126135;0,382127666279651;0,393262793477326;0,274988014994094;-0,0612381991485635;0,236060697619029;0,333158274686572;-0,0995833150816187;-0,131179450270329;0,313246086175993;0,300683200857957;-0,221997661278339;0,239726344562067;-0,255199568663258;-0,0264150291727952;-0,278402998752246;0,0621749695579128;0,0522451808219633;0,299389887728697;0,10694361497577;0,128929735234735;-0,190937335256194;-0,349991502898087;-0,163922044533761;0,104629257812745;0,247986901692331;0,115921671390626;0,123347139366888;0,286070825909215;-0,340410801847929;-0,0181646103153607;-0,0698773558092271;0,0413831666109193;0,084856768325509;0,0040431736700348;0,317180026845695;0,289229079786772
-0,00633270700443908;-0,0677347081167067;-0,27456562343859;0,153492966442027;-0,0665770711795765;0,110981033755153;-0,0607058264420016;0,132297019196465;-0,00672099093858879;-0,0773517106240853;0,27203705284184;0,243148354548633;0,148330481760195;0,491753873582763;0,0553116185456892;0,184488911550922;0,0736899279537456;-0,273173658079177;-0,139925482579929;0,287705606242802;-0,133665009626446;0,0417170996419342;-0,164195120653751;0,156656411290092;0,0408282915324252;-0,207370378790604;0,156880475060825;-0,114152013004154;0,130981977895428;0,0975752132290981;0,0878117684879075;-0,146445566499304;0,30620579230721;0,0279634228381537;0,187054899988853;-0,061318938178466;0,242072484221833;0,453878488174288;-0,231536861085149;-0,202780049814142;0,309565727410329;0,616535514250313;0,0456865727697061;-0,178266255811562;0,201432333419535;0,213642778218855;0,176095890579491;0,0955235891759892;-0,0150452860763458;0,117600251215111;0,100888256432294;0,289915023272804;0,0965638539102749;0,301516028927054;0,256440418015173;-0,100780033334624;0,227059178130228;-0,332392140895827;-0,244793917132358;-0,141008102825779;0,325896693244581;-0,284050222029888;-0,207650824879869;0,407144532775625;-0,107559418189551;0,296124831196205;-0,276346186147905;-0,135290479754418;0,328371067110276;0,222410177542228;0,265091607344255;0,30121219434573
0,290672227829155;-0,180902185170557;-0,344938491102685;-0,00688881190808548;-0,170407829513476;-0,201674330442914;-0,399175068972331;0,280637715034308;0,0370674026954764;-0,102133535418692;-0,226308201237471;0,296057530989895;0,0659053144475658;0,464479884207001;-0,0787039382959976;0,0634550452495233;-0,203411041036454;0,136033399081543;-0,0691603602766671;-0,279270498134762;-0,2691024203199;-0,161456016337793;0,0496057272713956;-0,221881464708632;0,10451458106934;0,168764473531156;-0,0117964390991285;0,0583381527938653;-0,102912277420356;0,186251378408893;0,0620275057879108;0,0965965175656052;-0,217291585647155;0,0495868319613961;0,132749369148221;-0,227125910755325;0,233436417071281;0,26304218871963;-0,132253452345548;-0,0931065125967031;0,0945471107992114;0,114561418609647;-0,0588284621213327;-0,365164101291144;0,251689753077583;-0,142496397707588;-0,00420119925279012;-0,278406413426709;-0,114387068519651;-0,210797224438234;0,225204148478123;-0,0625363150212027;-0,0143884162000691;0,231350567575564;-0,0609234838300469;-0,139383042248722;0,0470602385765326;0,321994731298154;-0,0698843153796916;0,512849044479912;0,152180772852076;0,0229854758284202;0,141383710002733;-0,305849011467444;0,169700709681853;0,13706841741203;0,110399929618142;-0,238630977425539;-0,209374748399953;-0,166761052908265;-0,265695944327939;0,12334888559252
0,112741523049157;0,119491039131166;-0,219372413328752;-0,04003725203389;0,375605040122735;-0,222710825765029;-0,486484210992519;0,202699581460453;-0,0766485139267055;-0,0280864171775506;-0,0271024169491585;0,130153188777659;0,214303602230613;0,676587852213839;-0,121693625123242;-0,180896271162412;0,00159367959942885;0,0482269757736467;-0,285075474744597;-0,808396049714634;0,0677856925512853;0,125780817125267;0,258678943130025;-0,0506248088987915;-0,479294907322334;-0,201249312893972;-0,059555465355749;-0,0860302726486536;0,0232669470388412;0,0818021457767552;-0,0602597396333724;0,206016460676401;-0,377078110805646;-0,14823083471432;-0,00576701518614241;0,141863959766127;0,323162120861038;0,423498631420275;0,251880253164022;0,285844917981931;0,345029475397658;0,0956896305872706;-0,136230351705566;-0,587190038808675;-0,000442139331862784;-0,112516304535951;0,119361235232539;-0,233462020917035;-0,0435238875494341;-0,117551744816505;-0,226710322459502;0,0185659186276117;0,0321136773131913;0,357392312143069;0,211388401837516;0,041348902549379;0,175683132800796;0,598627708861651;0,723173852945726;0,64900180473776;0,294304454666916;-0,123154936767516;0,354421163515922;0,574321230006243;0,97460699991122;0,00345774023451695;-0,0403148619278553;0,267809546112088;-0,116588547009002;-0,13888702795263;0,164218287180769;0,38695528654176
-0,0983798082244496;-0,00202314327482515;-0,171118124955208;-0,0852884954184892;0,235189643307176;-0,0491237843394139;-0,116605383384757;-0,0994494308997109;0,073108145181709;-0,0575091785202498;-0,117258820554919;0,236028695182297;-0,211969028399984;-0,00235574626505274;0,083552165157207;-0,169815415028553;-0,0917173975109309;0,028590268675159;-0,220679141406115;-0,0154194329771111;0,0567215409380134;-0,200963341822237;0,0500375733298987;-0,0358814441137647;0,147252774420026;0,147023172705614;0,0353284079136475;-0,142373743355954;0,0218532732203562;-0,270662474314417;0,203472433308766;0,178786966943288;0,0700315922669653;-0,127703868110911;0,0524893379990913;-0,160515212992509;-0,0969726559844514;-0,187531058771559;-0,0472944613593288;0,188607913998386;-0,120903308712115;-0,184255343201358;0,230301560482955;0,118609094360635;-0,0457837771438745;-0,0952504229764316;0,139139856058778;-0,0577140670149588;-0,141037531928819;-0,0663942309731104;0,198395469401573;-0,279138446782306;-0,264143498569189;0,265750453616288;-0,087015887826308;-0,142235815996271;0,184902667936677;-0,0669618950719549;0,134158074148819;-0,252820585096653;0,208672693159184;-0,181743181929637;0,145383232911505;0,0628617290828195;-0,0213949692602725;-0,019788946473659;-0,193195978183267;0,217773929049352;0,215776117148296;-0,154397192050582;0,165278152339176;-0,0103940382038032
-0,24881541173317;-0,190887915844019;-0,156246159117539;-0,143390680877166;-0,109470260175662;-0,121774184935889;0,148399916682289;-0,282796669630464;-0,0620877742881486;-0,294316525435261;-0,197348104333249;-0,291907664895079;-0,151625824843194;-0,194942335186998;0,0863602488509872;0,1446092515707;0,148677788850457;0,242668545856903;-0,124279408483021;-0,124494256731695;0,0604202757222317;-0,0836761088886859;-0,154020194721455;-0,241047553062857;-0,19152265733007;-0,011338169232784;-0,221321223933405;-0,172134465730459;0,192512357387395;-0,194143937439669;0,209152786219088;0,0153455572706449;0,193089257401678;0,0401507630450011;0,0800343989619169;-0,290819025259351;0,102822139508479;0,075335636194987;-0,294190701243736;-0,333923721221014;0,173548733312822;0,0713070330808423;-0,108491763058521;-0,196146363232596;0,102708842270592;-0,164657068795602;0,0152797094438836;0,0642499708097377;0,243581773827221;0,144073017890317;-0,0605637261282395;0,140583991529476;0,0188455140230491;0,247312613153686;-0,167404418500277;0,158247360670209;0,249670154573512;-0,285408410811202;-0,271591798091589;0,140425471227137;-0,203929427635446;0,116335954408797;-0,210802331604251;-0,181980503028622;-0,195646209801594;0,0380127971063657;-0,205110325465344;0,072096703912565;0,0248634790334658;0,0228537516846076;0,216349594366491;-0,0626662602521205
-0,0358867201512088;0,308618128037234;-0,106717422649658;0,263464512815079;0,863266548033281;-0,227053922904132;-0,347424815858699;0,0456551566714569;0,679698472032553;0,709442668691271;0,00680680046607886;0,00310920137309405;-0,144674082769571;0,254766938941662;0,349572872645573;0,283241338737619;0,223155349818939;0,403699825247685;0,463079988018135;-0,105779072431019;0,190258542713684;0,648201988036885;-0,238978037556274;0,252989425355978;-0,121707603926826;0,119292560461288;-0,258809947945587;-0,255476120420058;-0,115657745683485;-0,255161445030034;0,208490603149061;-0,226545154357215;0,122710596421878;0,15398601401667;0,214328498607963;-0,246117638148135;-0,235544092394609;0,191422748901814;0,0916214705245504;0,234283329833258;0,496712498234525;0,276945162365949;-0,156747546883759;0,0340994493286859;0,104131481873803;-0,0541930151104318;0,260373886018589;0,00156115322569845;-0,120836501273335;0,175907233275542;-0,0371562714091742;-0,160235723450794;0,161967427200377;0,12841017641156;-0,158875848141016;-0,128801526112325;0,211688386898519;0,0326406008510266;-0,0668819842854312;-0,754056653281937;-0,235391489253827;-0,205307460602033;-0,208068286991314;0,211517648738437;0,0711245567451656;-0,179968116789929;-0,30819034563895;-0,0305983116381752;-0,0268393234276341;0,361301048694441;0,532365673707057;-0,101581819597202
0,0790037406377467;-0,212624823022911;-0,302510129743058;-0,355609900687865;0,541014369908987;0,0317835039208132;-0,120297821273137;-0,0927387360634535;0,1378148317519;0,219118924108483;0,0192652632958312;0,252129611396759;-0,0618126527998905;0,244194306842147;-0,022725030046563;-0,0886096827377993;0,107827680390952;-0,00454899129366476;0,222525735416801;0,0631099896059574;0,113410673362167;0,22165239504764;-0,519730984458167;0,124279379143302;0,0742937513272382;-0,0981651396133851;-0,212493498588878;0,178606278364388;0,36225288896896;-0,0656017782871428;0,062904582599163;-0,196273498796604;-0,244001804005885;0,177457719355888;0,371022545394128;-0,0231472463509913;0,0144756664009814;0,0184427518422204;-0,0686323995698483;0,311409581186398;0,404891103579687;0,111155043586374;-0,0363633294991275;0,328557478111298;0,0185054458145952;-0,111629368288027;0,256058002837221;-0,199904097087044;0,0401191587391492;-0,166225654320232;-0,0805851225505991;0,0834454724402402;0,0505742187285235;0,195563895098487;-0,25908892172734;-0,599417718210207;0,261334057297158;-0,399923130384353;-0,0250682477598313;0,023512315199317;-0,0400468399269816;-0,03867575697139;0,00615467872426279;0,161939252862985;-0,3389817726823;-0,0282495372781213;-0,119455768244844;0,101277814169124;0,0537240264161068;0,36830235132737;0,280983686765974;0,256443027691511
0,0509541574824403;-0,132884192537722;0,332760056890518;0,252809053334915;-0,295270610276698;0,103394099422228;0,214919594036631;-0,282854821262798;0,121028087586668;-0,161836639769139;0,279664467510619;-0,237489234107734;-0,209597214471299;-0,127102774014787;0,164085879191967;-0,0473963342149682;0,162753975612172;0,0366424183806405;0,208789090092479;0,244085799192589;0,23738467408689;-0,00157408216430344;0,392717372020711;0,0448874399303569;-0,051660435519722;-0,104441453965524;-0,242314050650528;0,086526542468753;-0,543248457841519;0,266584016540864;-0,0922485197543049;-0,140894021208531;0,0633699824161888;-0,145562599178045;0,107957724961924;-0,0204570608414251;0,149978900427122;0,534318400801992;0,0793653475197027;-0,0164888697408076;-0,152895907528229;0,0832272755219362;0,323170403482656;-0,136156957853165;-0,102200494694301;-0,195334211230126;0,21219309534308;-0,108287560532937;-0,13572218007116;-0,271919942098654;0,00637802971116391;0,770308190152525;-0,162684427549898;0,237878137673928;0,351427345731077;0,290427488999568;0,13422866871496;0,32668738173463;-0,10593492616623;0,399527092635904;0,100434186558073;0,0974122579806768;-0,0535443796434528;0,0795388310786576;-0,474421867049082;0,202901379297507;0,193416886238113;0,17223939279926;-0,143778348034565;-0,282331763863275;0,30883280380821;0,107783171789147
0,0728993012788513;0,274751168257399;-0,103406821954024;0,0572219112448068;-0,000305201391669166;0,225185108350906;-0,171525878907893;-0,346189746628577;0,461494911944789;-0,0759543000510116;0,152695441198901;-0,0922814956496557;0,218010744394714;-0,17547871785655;-0,0177811224974949;-0,22417329707548;-0,0314393101606456;0,152641316257219;0,0526421892535245;0,0324624508626233;-0,0945162031721091;-0,0937473170097811;0,17090327858679;0,337606475913221;0,300020035627599;0,00563969214611938;-0,000586077937723982;-0,133028289068331;0,189206848443246;-0,123294392995036;-0,267852859455241;-0,171438904760027;-0,166552765135137;-0,0890850834993156;0,116883590567252;0,213556249062606;0,119871567098846;-0,222314372604632;-0,00786354330371904;-0,161735971067051;-0,117065185031001;-0,158424216844713;-0,0140296103975898;0,136746486273774;0,131360741800935;-0,103404223277888;-0,212727574170784;-0,221441400918936;0,0564524051182128;0,0834284570560697;0,00436477828286041;-0,254643511114511;0,0775180174735304;-0,150172087370461;-0,026509814479868;0,0824300154273071;-0,165204948311956;-0,157938982721268;0,0356896547680021;-0,488393288228082;-0,0786202018897207;-0,183571412482197;-0,126906146733266;0,18461936274359;-0,0539629990655325;-0,118085322210601;-0,117455130620014;-0,00294240781060285;0,0869899690744582;-0,0970236682712442;-0,376231171979792;-0,192613678449081
